{"cameraMode":{"drawMode":0,"name":"Shaded","section":"Shading Mode"},"sceneLighting":true,"audioPlay":false,"sceneViewState":{"showFog":true,"showMaterialUpdate":true,"showSkybox":true,"showFlares":true,"showImageEffects":true,"showParticleSystems":true},"in2DMode":false,"pivot":{"x":-22.700000762939454,"y":15.600000381469727,"z":-79.0999984741211},"rotation":{"x":-0.42287641763687136,"y":0.1701451539993286,"z":-0.08027654141187668,"w":-0.8866066932678223},"size":31.28621482849121,"orthographic":false}