{"cameraMode":{"drawMode":0,"name":"Shaded","section":"Shading Mode"},"sceneLighting":true,"audioPlay":false,"sceneViewState":{"showFog":true,"showMaterialUpdate":true,"showSkybox":true,"showFlares":true,"showImageEffects":true,"showParticleSystems":true},"in2DMode":false,"pivot":{"x":-21.963191986083986,"y":15.167449951171875,"z":-72.23641967773438},"rotation":{"x":-0.11926109343767166,"y":-0.8704327940940857,"z":0.25721216201782229,"w":-0.4029482901096344},"size":34.365604400634769,"orthographic":false}